{
  "core-js": {
    "bundle": "polyfills",
    "version": "2.5.3"
  },
  "zone.js": {
    "bundle": "polyfills",
    "version": "0.8.18"
  },
  "@angular/platform-browser": {
    "bundle": "vendor",
    "version": "4.2.6"
  },
  "@angular/platform-browser-dynamic": {
    "bundle": "vendor",
    "version": "4.2.6"
  },
  "@angular/core": {
    "bundle": "vendor",
    "version": "4.2.6"
  },
  "@angular/common": {
    "bundle": "vendor",
    "version": "4.2.6"
  },
  "@angular/forms": {
    "bundle": "vendor",
    "version": "4.2.6"
  },
  "@angular/http": {
    "bundle": "vendor",
    "version": "4.2.6"
  },
  "@angular/router": {
    "bundle": "vendor",
    "version": "4.2.6"
  },
  "@angularclass/hmr": {
    "bundle": "vendor",
    "version": "1.2.2"
  },
  "rxjs": {
    "bundle": "vendor",
    "version": "5.0.2"
  }
}